{"uas": 0.0, "las": 0.0, "las_per_type": {"": {"p": 0.0, "r": 0.0, "f": 0.0}}, "ents_p": 87.03079695948594, "ents_r": 85.88662903101076, "ents_f": 86.45492760392341, "ents_per_type": {"POI": {"p": 87.03079695948594, "r": 85.88662903101076, "f": 86.45492760392341}}, "tags_acc": 0.0, "token_acc": 100.0, "textcat_score": 0.0, "textcats_per_cat": {}}