{"uas": 0.0, "las": 0.0, "las_per_type": {"": {"p": 0.0, "r": 0.0, "f": 0.0}}, "ents_p": 70.45832343861316, "ents_r": 66.0831217426166, "ents_f": 68.20062522986392, "ents_per_type": {"POI": {"p": 70.45832343861316, "r": 66.0831217426166, "f": 68.20062522986392}}, "tags_acc": 0.0, "token_acc": 100.0, "textcat_score": 0.0, "textcats_per_cat": {}}