{"uas": 0.0, "las": 0.0, "las_per_type": {"": {"p": 0.0, "r": 0.0, "f": 0.0}}, "ents_p": 79.88838153221714, "ents_r": 78.25654788529397, "ents_f": 79.06404559262886, "ents_per_type": {"POI": {"p": 79.88838153221714, "r": 78.25654788529397, "f": 79.06404559262886}}, "tags_acc": 0.0, "token_acc": 100.0, "textcat_score": 0.0, "textcats_per_cat": {}}