{"uas": 0.0, "las": 0.0, "las_per_type": {"": {"p": 0.0, "r": 0.0, "f": 0.0}}, "ents_p": 86.50565631172562, "ents_r": 86.24239169351952, "ents_f": 86.37382339757956, "ents_per_type": {"POI": {"p": 86.50565631172562, "r": 86.24239169351952, "f": 86.37382339757956}}, "tags_acc": 0.0, "token_acc": 100.0, "textcat_score": 0.0, "textcats_per_cat": {}}